image_id,image_path,source,subcategory,all_subcategories,original_project_split,image_truth,confidence,mapping_rule,ai_family,domain,subsource,group_id,split,width,height,format,mode,file_size,sha256,n_caption_rows,original_scenarios,original_image_fake
img_2cce7e5d39c4ede69901360291031c6b0d897a1890fbc10c4381344a3ba30320,images/2cce7e5d39c4ede69901360291031c6b0d897a1890fbc10c4381344a3ba30320.png,mmfakebench,antifact_image_generation,antifact_image_generation,train,EXCLUDE,low,EXCLUDED_SIZE_MISMATCH,,,,g003097,excluded,512,320,PNG,RGBA,145821,2cce7e5d39c4ede69901360291031c6b0d897a1890fbc10c4381344a3ba30320,1,3,1
img_4c6f712b0bb1382b0aaa290d7c8fd5d95efad63b464b73c9ae89e26ca14437e0,images/4c6f712b0bb1382b0aaa290d7c8fd5d95efad63b464b73c9ae89e26ca14437e0.png,mmfakebench,antifact_image_generation,antifact_image_generation,train,EXCLUDE,low,EXCLUDED_SIZE_MISMATCH,,,,g005317,excluded,512,320,PNG,RGBA,311893,4c6f712b0bb1382b0aaa290d7c8fd5d95efad63b464b73c9ae89e26ca14437e0,1,3,1
img_5a7de8af3288ef5c2bd28038eb1623842d4314eefc273b4a269646d7adc9589d,images/5a7de8af3288ef5c2bd28038eb1623842d4314eefc273b4a269646d7adc9589d.png,mmfakebench,antifact_image_generation,antifact_image_generation,train,EXCLUDE,low,EXCLUDED_SIZE_MISMATCH,,,,g006340,excluded,576,384,PNG,RGBA,229757,5a7de8af3288ef5c2bd28038eb1623842d4314eefc273b4a269646d7adc9589d,1,3,1
img_5f578c561d0835748dc6840dd48d6d80ee8e47feadf71949952f227dc46ce59d,images/5f578c561d0835748dc6840dd48d6d80ee8e47feadf71949952f227dc46ce59d.png,mmfakebench,antifact_image_generation,antifact_image_generation,train,EXCLUDE,low,EXCLUDED_SIZE_MISMATCH,,,,g006678,excluded,512,320,PNG,RGBA,163598,5f578c561d0835748dc6840dd48d6d80ee8e47feadf71949952f227dc46ce59d,1,3,1
img_69ec092bb0426c6ca49ead7e54afe970d6456d58f121b36d03ba1fd4639909a8,images/69ec092bb0426c6ca49ead7e54afe970d6456d58f121b36d03ba1fd4639909a8.png,mmfakebench,antifact_image_generation,antifact_image_generation,train,EXCLUDE,low,EXCLUDED_SIZE_MISMATCH,,,,g007385,excluded,512,320,PNG,RGBA,294940,69ec092bb0426c6ca49ead7e54afe970d6456d58f121b36d03ba1fd4639909a8,1,3,1
img_6e389c78684acfe73b2cd58153696c7f866a6efef74de4a10679d0ec84c69f96,images/6e389c78684acfe73b2cd58153696c7f866a6efef74de4a10679d0ec84c69f96.png,mmfakebench,antifact_image_generation,antifact_image_generation,train,EXCLUDE,low,EXCLUDED_SIZE_MISMATCH,,,,g002226,excluded,512,320,PNG,RGBA,126236,6e389c78684acfe73b2cd58153696c7f866a6efef74de4a10679d0ec84c69f96,1,3,1
img_a183d59faee810860456795b5b68add400a98260c86c1dfe7e41285498e21483,images/a183d59faee810860456795b5b68add400a98260c86c1dfe7e41285498e21483.png,mmfakebench,antifact_image_generation,antifact_image_generation,train,EXCLUDE,low,EXCLUDED_SIZE_MISMATCH,,,,g007804,excluded,512,512,PNG,RGBA,277629,a183d59faee810860456795b5b68add400a98260c86c1dfe7e41285498e21483,1,3,1
img_aa7fa622c2884e82eff771b9164ca2c5610889c4217e1ac20bd464d02ba1caf2,images/aa7fa622c2884e82eff771b9164ca2c5610889c4217e1ac20bd464d02ba1caf2.png,mmfakebench,antifact_image_generation,antifact_image_generation,train,EXCLUDE,low,EXCLUDED_SIZE_MISMATCH,,,,g011745,excluded,512,320,PNG,RGBA,266209,aa7fa622c2884e82eff771b9164ca2c5610889c4217e1ac20bd464d02ba1caf2,1,3,1
img_af62a9aaa987012d906eb70e98cd49a1069050c4456458eab89311a9ecde3f98,images/af62a9aaa987012d906eb70e98cd49a1069050c4456458eab89311a9ecde3f98.png,mmfakebench,antifact_image_generation,antifact_image_generation,train,EXCLUDE,low,EXCLUDED_SIZE_MISMATCH,,,,g012078,excluded,512,320,PNG,RGBA,360732,af62a9aaa987012d906eb70e98cd49a1069050c4456458eab89311a9ecde3f98,1,3,1
img_baf126af2a39dbc7b2a5824fdd39bbf77181ad255d2f1aebef3b741f12f3322a,images/baf126af2a39dbc7b2a5824fdd39bbf77181ad255d2f1aebef3b741f12f3322a.png,mmfakebench,antifact_image_generation,antifact_image_generation,train,EXCLUDE,low,EXCLUDED_SIZE_MISMATCH,,,,g010812,excluded,512,320,PNG,RGBA,277859,baf126af2a39dbc7b2a5824fdd39bbf77181ad255d2f1aebef3b741f12f3322a,1,3,1
img_e82673bbecf4ec872d52999a1a11d8e5424552fe0a118f2d06f4bb24316ccfc7,images/e82673bbecf4ec872d52999a1a11d8e5424552fe0a118f2d06f4bb24316ccfc7.png,mmfakebench,antifact_image_generation,antifact_image_generation,train,EXCLUDE,low,EXCLUDED_SIZE_MISMATCH,,,,g015993,excluded,512,384,PNG,RGBA,165678,e82673bbecf4ec872d52999a1a11d8e5424552fe0a118f2d06f4bb24316ccfc7,1,3,1
