sample_id,scenario,label_binary,prob,ranking_score
mmfb_test_7045,1,1,0.8795158879954669,1.9878537351659729
mmfb_val_790,1,1,0.8959926706948799,2.1534708621675533
mmfb_test_8371,1,1,0.9920181669345312,4.822573328024012
mmfb_test_7136,1,1,0.8643502093425532,1.8519015257166185
mmfb_test_8222,1,1,0.197570323516012,-1.4015496312154834
mmfb_test_8136,1,1,0.7755469013158849,1.2399016887869325
mmfb_test_8447,1,1,0.989747600604117,4.569938196145461
mmfb_test_8145,1,1,0.4852689294505611,-0.058941340190399316
mmfb_test_8255,1,1,0.13759488456318336,-1.8354113830975656
mmfb_test_7491,1,1,0.986064680580836,4.2592953686677655
mmfb_test_7269,1,1,0.5510851445243881,0.20505608617979654
mmfb_test_7482,1,1,0.3744375747277714,-0.5132260261047664
mmfb_test_7343,1,1,0.7995030252793622,1.3831911582733654
mmfb_test_8415,1,1,0.0003860138930471546,-7.859251108381432
mmfb_test_7862,1,1,0.7601309292592459,1.1533974578823099
mmfb_test_8163,1,1,0.9987950417704721,6.720104692157152
mmfb_test_7098,1,1,0.3853249307867278,-0.4670068310319988
mmfb_val_778,1,1,0.06118541181032511,-2.7307092110526012
mmfb_test_7307,1,1,0.08110310529395426,-2.427452673061563
mmfb_test_7729,1,1,0.9863056563919524,4.2769834306518195
mmfb_test_7721,1,1,0.8225444391929796,1.5336822946747763
mmfb_test_7057,1,1,0.7877633157313759,1.3114955968425457
mmfb_test_7378,1,1,0.043439750918820685,-3.0919688343076555
mmfb_test_7181,1,1,0.582701530856408,0.3338733822117249
mmfb_test_7597,1,1,0.146855994340094,-1.759475879533941
mmfb_test_7172,1,1,0.4307387655434388,-0.27883764637469977
mmfb_test_7790,1,1,0.22647007707860733,-1.2283515281928357
mmfb_test_8320,1,1,0.9618373952571493,3.2269893058686456
mmfb_test_7991,1,1,0.5536981222559253,0.21562405357218783
mmfb_test_7397,1,1,0.5141804660913132,0.05673707964381425
mmfb_test_8187,1,1,0.18578698308284003,-1.4776212581437829
mmfb_test_8155,1,1,0.8198131078115325,1.5150817948022306
mmfb_test_7387,1,1,0.9996277618918942,7.895604525492862
mmfb_test_8176,1,1,0.21450459687555412,-1.2979834367199183
mmfb_test_7808,1,1,0.9988847370909614,6.797549223727564
mmfb_test_7091,1,1,0.9912362492552087,4.728328920202446
mmfb_test_8484,1,1,0.35766627215252944,-0.5855076429950147
mmfb_test_8480,1,1,0.03749373616334539,-3.245366690642765
mmfb_test_7673,1,1,0.9062142333359994,2.268262635549986
mmfb_test_7885,1,1,0.9945657479461236,5.209584313147392
mmfb_test_7111,1,1,0.854248605710253,1.768319867318803
mmfb_test_8234,1,1,0.1368728812891019,-1.841509357573599
mmfb_test_7604,1,1,0.5417460733241055,0.16737393672355694
mmfb_val_759,1,1,0.9111312456753005,2.327526343757422
mmfb_val_735,1,1,0.2853165499052379,-0.9182404522031437
mmfb_test_8095,1,1,0.2987128594902264,-0.8534346429087956
mmfb_test_8014,1,1,0.9597769569198031,3.1722608785731934
mmfb_test_7374,1,1,0.11614817655515919,-2.0294226680086314
mmfb_test_7632,1,1,0.9966805946303458,5.704644690803219
mmfb_test_7881,1,1,0.8551305861146308,1.775421446823942
mmfb_test_7025,1,1,0.181017522901175,-1.5094688499518658
mmfb_test_7381,1,1,0.1381899330165779,-1.830405841363333
mmfb_test_8270,1,1,0.4345709855909099,-0.26322545613584136
mmfb_test_7701,1,1,0.5701941491433806,0.2826433182748911
mmfb_test_7617,1,1,0.9446600755351008,2.8373305449245683
mmfb_test_7750,1,1,0.6790393871937752,0.7493607194621448
mmfb_test_7459,1,1,0.9993522474648268,7.341353862297928
mmfb_test_7233,1,1,0.96631512972339,3.356441218927353
mmfb_test_7128,1,1,0.9765584897868204,3.7295262543748153
mmfb_test_7525,1,1,0.5257190677161827,0.10296714799528184
mmfb_val_766,1,1,0.8832008635544718,2.023096976357799
mmfb_test_7346,1,1,0.9996868614021213,8.06855147307288
mmfb_test_7825,1,1,0.9822192121195706,4.011695971867587
mmfb_test_8339,1,1,0.9011004265804803,2.2095117872717864
mmfb_test_8219,1,1,0.7179872610469393,0.9344995831061391
mmfb_test_8413,1,1,0.5631325353287626,0.25388514495465064
mmfb_test_7125,1,1,0.9759212152727454,3.7020507100684874
mmfb_test_7153,1,1,0.9695951863656208,3.4622777116324492
mmfb_test_7324,1,1,0.00949924088977927,-4.6469987434544695
mmfb_test_7573,1,1,0.8422992379444962,1.6754360143205258
mmfb_test_8203,1,1,0.806884603056579,1.4298927412210403
mmfb_test_8111,1,1,0.06454827553326126,-2.673616138665124
mmfb_test_7987,1,1,0.4456253735001169,-0.2183620500145873
mmfb_test_8020,1,1,0.40106770600483077,-0.40101830404025995
mmfb_test_7774,1,1,0.9999768802660242,10.674800900460237
mmfb_val_745,1,1,0.10497521832190515,-2.143127100597812
mmfb_test_7807,1,1,0.983849239008876,4.109505504172706
mmfb_test_8071,1,1,0.45807676941604736,-0.16808756153854443
mmfb_test_7329,1,1,0.009334958947164074,-4.664610096987831
mmfb_test_8223,1,1,0.4966883678435341,-0.013246722328901672
mmfb_test_7483,1,1,0.5983586596157302,0.3986308371235352
mmfb_test_8177,1,1,0.9983076143623579,6.379922306199347
mmfb_val_793,1,1,0.9545805936347113,3.0453326083536747
mmfb_test_7208,1,1,0.5066621667067935,0.026650244044288396
mmfb_test_7759,1,1,0.06739022674236772,-2.6274868603189776
mmfb_test_8356,1,1,0.4634562318196017,-0.14643618887858634
mmfb_test_7179,1,1,0.2706231210200313,-0.9914634235686711
mmfb_test_8256,1,1,0.015108166923964772,-4.177296367503318
mmfb_test_8336,1,1,0.13279450996702935,-1.8764730658448512
mmfb_val_721,1,1,0.2794064719081282,-0.947407606848306
mmfb_test_7412,1,1,0.20901934935578514,-1.3308466772482748
mmfb_test_7822,1,1,0.333076883359838,-0.6943014275737607
mmfb_test_7710,1,1,0.21245284661253283,-1.310203180777193
mmfb_test_8401,1,1,0.9934815883287512,5.026584792133089
mmfb_test_8228,1,1,0.7365321757915941,1.0280216711181391
mmfb_test_7072,1,1,0.7597041530181065,1.1510582251953672
mmfb_test_7975,1,1,0.9976024328643472,6.030900303338949
mmfb_test_7608,1,1,0.6544238923314312,0.6385423932718051
mmfb_test_8106,1,1,0.8720115512296684,1.918862654778656
mmfb_test_7121,1,1,0.3016056233977693,-0.8396636714853601
mmfb_test_7254,1,1,0.4222468163047006,-0.31355674382154575
mmfb_test_8387,1,1,0.8623065398069825,1.8345809106179467
mmfb_val_731,1,1,0.9673923465543324,3.3900571199108014
mmfb_test_7503,1,1,0.4955427451606619,-0.017829491661578878
mmfb_test_8315,1,1,0.9843953268291374,4.1444571396475585
mmfb_test_8030,1,1,0.6691190480256388,0.7042033445389467
mmfb_test_8451,1,1,0.9864320021339641,4.28638047291723
mmfb_test_7291,1,1,0.03562120410507574,-3.298543077753508
mmfb_test_8044,1,1,0.8749910795638219,1.945828593275971
mmfb_test_8381,1,1,0.11425357638732536,-2.0480103735878648
mmfb_test_7309,1,1,0.23832297570154393,-1.1618958187224082
mmfb_test_8082,1,1,0.9004086736911006,2.201773666592935
mmfb_test_7603,1,1,0.0025238371330109644,-5.979447836339474
mmfb_test_7197,1,1,0.9989845868662196,6.89144379193189
mmfb_test_7909,1,1,0.8184998475737402,1.5062167170661747
mmfb_test_8173,1,1,0.7755485249369931,1.2399110160050446
mmfb_val_845,1,1,0.9562047798904495,3.0834474135107737
mmfb_test_8018,1,1,0.5497102945868614,0.19950023690940855
mmfb_test_7737,1,1,0.30228266965032136,-0.8364514780668997
mmfb_test_8091,1,1,0.04160190863373492,-3.137117189046566
mmfb_test_7475,1,1,0.9688865152446382,3.4385061710708995
mmfb_test_7845,1,1,0.9964725409460583,5.643643786768225
mmfb_test_7666,1,1,0.021779499524997026,-3.8047659666402605
mmfb_test_8096,1,1,0.03998615382340265,-3.1784144676847577
mmfb_test_7108,1,1,0.9132034165891488,2.3533913967203843
mmfb_test_8100,1,1,0.8678026894303268,1.8816687889333819
mmfb_test_7349,1,1,0.8793414609822268,1.9862087228505025
mmfb_test_7518,1,1,0.1466648010468803,-1.761002717047908
mmfb_test_7123,1,1,0.1641423093035489,-1.6277245809433034
mmfb_test_7077,1,1,0.4031040846493089,-0.39254794888270855
mmfb_test_7693,1,1,0.9664074660585136,3.359281714634988
mmfb_val_776,1,1,0.8245030096574679,1.5471588985614686
mmfb_test_7171,1,1,0.07564632875511546,-2.503025849782249
mmfb_test_8397,1,1,0.9973473323360327,5.92953328746284
mmfb_test_7253,1,1,0.9708645098228941,3.506229897020387
mmfb_test_7083,1,1,0.37726723405172025,-0.501163699674275
mmfb_test_8037,1,1,0.6283684259599146,0.5252236888433037
mmfb_val_847,1,1,0.15393564922711356,-1.704060768533504
mmfb_test_8404,1,1,0.3775657160911785,-0.49989341884896854
mmfb_test_8214,1,1,0.0910148108311345,-2.3013065508415766
mmfb_test_8392,1,1,0.9893255249480094,4.529168040567264
mmfb_test_7478,1,1,0.9966216146927704,5.686973298449633
mmfb_test_7169,1,1,0.9212647934693114,2.4596570949340837
mmfb_test_7892,1,1,0.9798447191297073,3.8839277772560363
mmfb_test_8298,1,1,0.38415864409874223,-0.4719337882988006
mmfb_test_7779,1,1,0.7494478932620443,1.095669883303671
mmfb_test_7860,1,1,0.7638829484607388,1.1740869054416232
mmfb_test_7954,1,1,0.8560039289078492,1.7824889508553294
mmfb_test_7677,1,1,0.353231631857743,-0.6048641987057977
mmfb_test_7312,1,1,0.5359314880026084,0.14397413551726346
mmfb_test_7585,1,1,0.9108067058314442,2.3235248374579953
mmfb_test_7158,1,1,0.2753946637681173,-0.9674219330058447
mmfb_test_7562,1,1,0.47893039746425603,-0.08432834810411038
mmfb_test_7567,1,1,0.9729562432642879,3.5828829361651158
mmfb_test_7530,1,1,0.9940166493132429,5.1127732297727615
mmfb_test_7325,1,1,0.21157854304679713,-1.3154364992571768
mmfb_test_7934,1,1,0.8591834541219339,1.8085245161039731
mmfb_test_7360,1,1,0.7808825109199915,1.2708166385819486
mmfb_test_7302,1,1,0.045050342372029206,-3.0538780407170485
mmfb_test_8198,1,1,0.013546445991642786,-4.287992018278708
mmfb_test_7301,1,1,0.6727172861585418,0.7205007956883998
mmfb_test_8055,1,1,0.4968832598645131,-0.01246712201893363
mmfb_test_8216,1,1,0.6714904000482386,0.7149336584863732
mmfb_test_7000,1,1,0.5088367837650937,0.03535081603492568
mmfb_test_8122,1,1,0.9068133641355641,2.275332336815433
mmfb_test_8340,1,1,0.9412641726164043,2.7741739483310512
mmfb_val_805,1,1,0.2679401241835938,-1.0050987698553557
mmfb_test_7633,1,1,0.015496514665938932,-4.151522299901839
mmfb_val_797,1,1,0.9177827413594921,2.4125954582710607
mmfb_test_8273,1,1,0.9758015499983969,3.6969706542282355
mmfb_test_8293,1,1,0.7990621780338589,1.380443245805079
mmfb_test_7719,1,1,0.7793802048489286,1.2620581586203579
mmfb_test_7816,1,1,0.22150383412154384,-1.2569241671111204
mmfb_test_7395,1,1,0.9372694342508769,2.7041219699333086
mmfb_test_7456,1,1,0.9819485330462195,3.9963119434869845
mmfb_test_7455,1,1,0.022108417808054948,-3.789440374942103
mmfb_test_7221,1,1,0.9438413306811634,2.82177700514093
mmfb_test_7844,1,1,0.9516425312086015,2.979568788427101
mmfb_test_8358,1,1,0.9091216076842289,2.302956602431333
mmfb_test_7267,1,1,0.03471166189139496,-3.325351144622613
mmfb_test_8456,1,1,0.0756251365961127,-2.5033289631147704
mmfb_test_7540,1,1,0.430086476237027,-0.2814983406263525
mmfb_test_7577,1,1,0.9415382530685172,2.7791423354448606
mmfb_test_7583,1,1,0.26284505023725013,-1.0312334180453715
mmfb_test_7714,1,1,0.9809689870355569,3.9424709356800633
mmfb_test_8294,1,1,0.4418433541671348,-0.23368423335826805
mmfb_test_7614,1,1,0.8220690618926944,1.5304289215840456
mmfb_test_7534,1,1,0.991050875690124,4.707210185714022
mmfb_test_8070,1,1,0.4207653944984897,-0.31963216572095965
mmfb_test_7481,1,1,0.9987588942786847,6.690510709434052
mmfb_test_8218,1,1,0.9648801807480372,3.313238306432458
mmfb_test_7140,1,1,0.13728045327168137,-1.838063725906919
mmfb_test_8087,1,1,0.5427362103470375,0.17136295681493774
mmfb_test_8196,1,1,0.4817935752724525,-0.07285791096468508
mmfb_test_8433,1,1,0.9998697391420034,8.94584124872474
mmfb_test_8406,1,1,0.9454416622463282,2.8523816390885717
mmfb_test_8487,1,1,0.5569816415912965,0.22892106965334502
mmfb_test_7484,1,1,0.10647596950906468,-2.1272539077466623
mmfb_test_7947,1,1,0.995882741271249,5.48844193619267
mmfb_test_7375,1,1,0.43071252428966966,-0.2789446657055985
mmfb_test_7124,1,1,0.2791666164713468,-0.9485992245460828
mmfb_test_7956,1,1,0.9940191693148254,5.113197022615913
mmfb_test_7867,1,1,0.9946155477018515,5.218840681631293
mmfb_test_7725,1,1,0.9283252524880591,2.5612436698910157
mmfb_test_7833,1,1,0.7287150496366344,0.9881130313622031
mmfb_test_8169,1,1,0.3054327779161755,-0.8215592347225504
mmfb_test_8408,1,1,0.9987192328192593,6.659014432577409
mmfb_test_7014,1,1,0.8193679438741365,1.5120711197252663
mmfb_test_8059,1,1,0.9281757668567907,2.558999190722858
mmfb_val_822,1,1,0.8567339870190755,1.7884243373930555
mmfb_test_7338,1,1,0.9956790482782923,5.439949281026388
mmfb_test_8125,1,1,0.24324705120949675,-1.1349592460210802
mmfb_test_7743,1,1,0.9310088973612209,2.6022912849915967
mmfb_test_8086,1,1,0.28682408262068726,-0.9108590431378205
mmfb_test_8308,1,1,0.9883280671288521,4.438827634449245
mmfb_test_8473,1,1,0.998803434486152,6.72710261557077
mmfb_test_7929,1,1,0.5583119356301045,0.23431393440345882
mmfb_test_7890,1,1,0.22729134273436713,-1.2236694360575804
mmfb_test_8312,1,1,0.9999017077793175,9.22746737542192
mmfb_val_762,1,1,0.14689730974205517,-1.759146157938496
mmfb_test_8396,1,1,0.0266300559927507,-3.5987237171500372
mmfb_test_7023,1,1,0.9915848440887568,4.769270160496766
mmfb_test_7514,1,1,0.9937028482595059,5.061340790066641
mmfb_test_8197,1,1,0.9946998225984098,5.234700713815473
mmfb_test_7505,1,1,0.21926006620644212,-1.2699835608839243
mmfb_test_7542,1,1,0.9996662941559512,8.00491689794169
mmfb_test_7939,1,1,0.3773677404595107,-0.5007359199953387
mmfb_test_8316,1,1,0.2970471455095919,-0.8613989609535149
mmfb_test_7435,1,1,0.9166965058844518,2.398285958878528
mmfb_test_7664,1,1,0.3409544706773646,-0.6590436693235877
mmfb_test_8140,1,1,0.6613846198484651,0.6694706549017241
mmfb_test_7946,1,1,0.7505524779547479,1.1015610120346504
mmfb_test_8300,1,1,0.02952904460493988,-3.492407132835112
mmfb_test_7758,1,1,0.985407413098474,4.212541519718286
mmfb_val_808,1,1,0.34492669445463775,-0.6414152316234849
mmfb_test_7206,1,1,0.9469077447435655,2.881170604441288
mmfb_test_7163,1,1,0.9476085858877522,2.895198807828311
mmfb_test_7161,1,1,0.03928224199997177,-3.196908110433553
mmfb_test_7013,1,1,0.018436367830070965,-3.9748216167807544
mmfb_test_7569,1,1,0.0699843500602726,-2.5869297674116947
mmfb_test_7451,1,1,0.30607037200010745,-0.8185555054198876
mmfb_test_8330,1,1,0.5566895279310011,0.22773731958251908
mmfb_test_7407,1,1,0.2774097685524617,-0.9573465780638779
mmfb_test_8034,1,1,0.6300235305401614,0.5323177611903653
mmfb_test_8209,1,1,0.9607951282902475,3.1989601828961316
mmfb_val_716,1,1,0.9783541978006889,3.8110602280567103
mmfb_test_8385,1,1,0.9993072279092543,7.274116474079712
mmfb_test_4272,2,1,0.999211855086196,7.145040128584359
mmfb_test_4553,2,1,0.9997697456880653,8.376095874993378
mmfb_test_4528,2,1,0.9982409524197257,6.341222167455464
mmfb_test_4375,2,1,0.9995577892493956,7.723281669648409
mmfb_test_4568,2,1,0.9995037268246959,7.6078876298291505
mmfb_test_4148,2,1,0.9576390982322883,3.118245174112842
mmfb_test_9727,2,1,0.952937432621283,3.008071311180818
mmfb_test_4436,2,1,0.9991748225749608,7.0990866160269865
mmfb_test_4684,2,1,0.9268584928092306,2.5394048837846492
mmfb_test_4747,2,1,0.9999380388854323,9.688941591040168
mmfb_test_5012,2,1,0.9999960665527889,12.445990430155705
mmfb_test_4645,2,1,0.9999909701966108,11.614970933989866
mmfb_test_4451,2,1,0.9867580823458917,4.311037527439943
mmfb_test_4300,2,1,0.9871606802427576,4.342320504331598
mmfb_test_5084,2,1,0.8714606078019758,1.913935252054389
mmfb_test_9991,2,1,0.999821693037006,8.631825658870161
mmfb_test_9851,2,1,0.044262412030930176,-3.0723475558042486
mmfb_test_5006,2,1,0.9999872320333789,11.268558363475014
mmfb_test_9807,2,1,0.1437381431880821,-1.7845830427463891
mmfb_test_5035,2,1,0.9999409044200739,9.73629532876792
mmfb_test_4028,2,1,0.9994083527810785,7.432008192380417
mmfb_test_5402,2,1,0.9997974792870845,8.5044658494233
mmfb_test_4007,2,1,0.9996494288460812,7.955596232573312
mmfb_test_4291,2,1,0.8091762904365846,1.444666789606856
mmfb_test_9598,2,1,0.48912943449058144,-0.043489114999827105
mmfb_test_9770,2,1,0.18598119858022766,-1.4763378776011051
mmfb_test_5080,2,1,0.9997554863235325,8.315994770566672
mmfb_test_4238,2,1,0.9973173780509296,5.918274396888453
mmfb_test_4108,2,1,0.9987047130410459,6.6477268918839485
mmfb_test_5416,2,1,0.9989642791818268,6.871621394441506
mmfb_test_9833,2,1,0.8884356590067198,2.074860755935104
mmfb_test_5226,2,1,0.9999506175862589,9.91586681066346
mmfb_test_5125,2,1,0.9997241283205865,8.195298820282849
mmfb_val_953,2,1,0.9368891629440735,2.6976724870092847
mmfb_test_4001,2,1,0.8771454292091921,1.9656714998553249
mmfb_test_9765,2,1,0.2051673400781059,-1.3543056626174255
mmfb_test_5259,2,1,0.9999873450408139,11.277448734048217
mmfb_test_4321,2,1,0.9975341943713784,6.002767847122637
mmfb_test_9769,2,1,0.1179080155042802,-2.0123915505306442
mmfb_test_4599,2,1,0.9940261460457541,5.114371237580082
mmfb_test_4159,2,1,0.9986769190898424,6.6264682821830405
mmfb_test_4651,2,1,0.9999901327643725,11.526280954733096
mmfb_test_4005,2,1,0.9998763215080283,8.997701480043329
mmfb_test_4420,2,1,0.8651159077987048,1.8584476620461687
mmfb_test_4278,2,1,0.9970158394674281,5.811448178291222
mmfb_test_4455,2,1,0.9999999243937037,16.397726196606392
mmfb_test_9753,2,1,0.35244823596833563,-0.6082949716764771
mmfb_test_4035,2,1,0.9994182491696223,7.4488864082908
mmfb_val_965,2,1,0.8659309785960382,1.8654504515515469
mmfb_test_4726,2,1,0.9998685309358492,8.936607509922062
mmfb_test_5184,2,1,0.9997959744216928,8.497061141726688
mmfb_val_500,2,1,0.9999931964446226,11.898058429215226
mmfb_test_9830,2,1,0.00935570952249376,-4.662368728862942
mmfb_test_5299,2,1,0.9947001513207313,5.234763067216258
mmfb_test_9774,2,1,0.9631119862678856,3.2622830268270535
mmfb_test_4164,2,1,0.9972544764609319,5.8950341981897445
mmfb_test_4333,2,1,0.9344064512454903,2.6564341672511294
mmfb_test_4468,2,1,0.9999404303215753,9.728304293162164
mmfb_test_5045,2,1,0.9997479216778072,8.285518606290225
mmfb_test_9745,2,1,0.6050531876999037,0.4265652642903781
mmfb_test_9538,2,1,0.13741914871712846,-1.836893150298593
mmfb_test_5482,2,1,0.9998810964881601,9.037079308042436
mmfb_test_4472,2,1,0.6056051909851585,0.4288758128116723
mmfb_test_4505,2,1,0.9878649021149015,4.3994440441569855
mmfb_test_4067,2,1,0.9982662108339285,6.355710702292268
mmfb_test_4668,2,1,0.999831269832943,8.687041019266353
mmfb_test_4199,2,1,0.9849343695950664,4.18015899172838
mmfb_test_4378,2,1,0.035704615867951484,-3.296117686301141
mmfb_test_4364,2,1,0.999997987966741,13.116362763513088
mmfb_test_9517,2,1,0.47126398180465323,-0.11507087894741153
mmfb_test_4042,2,1,0.4477166847663583,-0.20990053455245677
mmfb_test_9730,2,1,0.7400700552128268,1.0463326993409419
mmfb_test_9951,2,1,0.04938051877501726,-2.9575578679454364
mmfb_val_468,2,1,0.9977844755724361,6.1100481592959905
mmfb_test_9771,2,1,0.936456470456666,2.6903778640440335
mmfb_test_9648,2,1,0.8844975161648554,2.0357276706191665
mmfb_test_9938,2,1,0.9920488657444131,4.826457773746596
mmfb_test_4444,2,1,0.06490840089094607,-2.6676674324987255
mmfb_test_4487,2,1,0.9971708621318588,5.864950106529144
mmfb_test_4602,2,1,0.9769334264989119,3.746033974005845
mmfb_test_4539,2,1,0.9964738528924227,5.644017096448984
mmfb_test_9869,2,1,0.32723509137623075,-0.7207171036202025
mmfb_test_4712,2,1,0.988437639007445,4.448370473632716
mmfb_test_5177,2,1,0.997002962245097,5.807129355295567
mmfb_test_5452,2,1,0.9993302941147795,7.30800198900239
mmfb_test_9992,2,1,0.3126282246961807,-0.7878605994504329
mmfb_test_4563,2,1,0.5593581745757619,0.23855765140856988
mmfb_test_9645,2,1,0.006944054983255565,-4.962901106428413
mmfb_test_9513,2,1,0.9777311110201956,3.7820441032487935
mmfb_test_5104,2,1,0.9999896270667461,11.476300343146928
mmfb_test_9666,2,1,0.80259388212009,1.4025857164086775
mmfb_test_4664,2,1,0.9883236257785313,4.438442697605205
mmfb_val_402,2,1,0.9883186531187809,4.438011883223286
mmfb_test_4340,2,1,0.9980449877776364,6.235401907962823
mmfb_test_9857,2,1,0.3855329336540573,-0.46612871297672864
mmfb_test_4208,2,1,0.9992187023620175,7.153772779145031
mmfb_test_9984,2,1,0.4734403487768777,-0.10633869748790914
mmfb_test_9537,2,1,0.844279938704886,1.6904242041658777
mmfb_val_429,2,1,0.8973467142233843,2.1680851613574834
mmfb_test_5120,2,1,0.9993237728895236,7.298305120245592
mmfb_test_5442,2,1,0.999969595695541,10.400895960764148
mmfb_test_4713,2,1,0.9999034894467889,9.24576168068719
mmfb_val_458,2,1,0.9984436896549008,6.463879899881677
mmfb_test_4569,2,1,0.9971768974987043,5.8670917260486934
mmfb_test_4242,2,1,0.9997107600916539,8.147964799789975
mmfb_test_5460,2,1,0.999933181156114,9.613458602023695
mmfb_test_9589,2,1,0.847226433655677,1.7130111283610514
mmfb_val_544,2,1,0.9996193722392662,7.873307966149113
mmfb_test_9997,2,1,0.4327272546153532,-0.27073258792134725
mmfb_test_5497,2,1,0.9886914327827266,4.47082168445205
mmfb_test_9796,2,1,0.48678858653006996,-0.05285795737650828
mmfb_test_4557,2,1,0.9476157921091136,2.895343967744554
mmfb_test_9948,2,1,0.2457367111767046,-1.1214808134718546
mmfb_test_9579,2,1,0.7764207350077482,1.2449285531545387
mmfb_test_4677,2,1,0.9775683293675183,3.7745943637698005
mmfb_test_5399,2,1,0.9985862491290706,6.560094163332557
mmfb_test_4056,2,1,0.981441955275991,3.9681195002895526
mmfb_test_4456,2,1,0.9669009526487286,3.374591561709397
mmfb_test_4522,2,1,0.18037015077152274,-1.5138417023821291
mmfb_test_5236,2,1,0.9976039974125124,6.031554641214844
mmfb_test_9597,2,1,0.32211489923718173,-0.7440694938527547
mmfb_test_4610,2,1,0.21014605386301966,-1.3240452665023483
mmfb_test_9552,2,1,0.04067456567368777,-3.16062738981406
mmfb_test_9810,2,1,0.9784444431286111,3.815330364863738
mmfb_test_4376,2,1,0.6271654415808667,0.5200755898606321
mmfb_test_5188,2,1,0.9999911327609584,11.633138212090614
mmfb_test_9736,2,1,0.8927880892921394,2.1195419008772545
mmfb_test_4669,2,1,0.9765641216672538,3.7297723027500624
mmfb_test_4011,2,1,0.9999975160768766,12.90566885914398
mmfb_test_4410,2,1,0.9839819068317801,4.11788860316234
mmfb_test_9621,2,1,0.959744405522445,3.1714180173280484
mmfb_test_4469,2,1,0.9962080340188012,5.571071492121504
mmfb_test_5078,2,1,0.9999646894279497,10.251292836157013
mmfb_test_4076,2,1,0.8117220860141181,1.4612388858216303
mmfb_test_9887,2,1,0.30956483352158504,-0.8021545264068985
mmfb_test_5096,2,1,0.9995311007099874,7.664653536767601
mmfb_test_4490,2,1,0.9998289580288785,8.673430529822987
mmfb_test_9760,2,1,0.11527765608345553,-2.037930240988586
mmfb_test_9691,2,1,0.012375114382122687,-4.3796154038157
mmfb_test_4560,2,1,0.9966555386961825,5.697099577052059
mmfb_test_4460,2,1,0.9219343951259826,2.468924504762376
mmfb_test_4571,2,1,0.9508445454401031,2.9623627666160144
mmfb_test_4504,2,1,0.8226169227655507,1.5341789558161323
mmfb_test_5341,2,1,0.9999820317236575,10.926884811947776
mmfb_test_5191,2,1,0.9999846365260434,11.083502323176898
mmfb_test_4354,2,1,0.9705969831023412,3.4968140440385183
mmfb_test_4424,2,1,0.6537375721082539,0.635509055353415
mmfb_test_9840,2,1,0.22600960409851878,-1.2309819707362224
mmfb_test_4225,2,1,0.9999992184607895,14.0619997334596
mmfb_val_437,2,1,0.9982339091166946,6.337219063063804
mmfb_test_4105,2,1,0.9039478822865167,2.24188076938868
mmfb_test_9822,2,1,0.47759104557238896,-0.08969590565527885
mmfb_test_4678,2,1,0.9972518687474126,5.894082228514618
mmfb_test_5054,2,1,0.9999194308155291,9.426313735791533
mmfb_test_5185,2,1,0.9998380459657583,8.728036035091892
mmfb_test_4079,2,1,0.9999419600745791,9.754321373301078
mmfb_test_4295,2,1,0.9999926640378811,11.822714650759924
mmfb_test_4748,2,1,0.9999915088192503,11.676474000740804
mmfb_test_5383,2,1,0.9999376621626559,9.682879635751071
mmfb_test_4440,2,1,0.8856314562661447,2.0468748267121653
mmfb_test_9775,2,1,0.2389853221646404,-1.1582505087300203
mmfb_test_5285,2,1,0.9998418329567406,8.75170066804526
mmfb_test_4047,2,1,0.9737706437494995,3.6142965461283496
mmfb_test_9834,2,1,0.39353182100839224,-0.43249032919092545
mmfb_test_5270,2,1,0.9878799972025212,4.400704018593409
mmfb_test_4670,2,1,0.9707258272949779,3.501338417591831
mmfb_test_4198,2,1,0.7906223419297722,1.3286808121646383
mmfb_test_9879,2,1,0.6725292486714327,0.7196468608118298
mmfb_test_9501,2,1,0.9815799967436966,3.9757263073655884
mmfb_test_9724,2,1,0.825885061652029,1.5567399669407251
mmfb_test_4542,2,1,0.9833929537974797,4.08118171447634
mmfb_test_9528,2,1,0.24266050698600283,-1.138148248614039
mmfb_test_9583,2,1,0.9362234632414692,2.686468830458325
mmfb_test_9550,2,1,0.334103896621724,-0.6896816451025802
mmfb_test_5312,2,1,0.9168396751539378,2.4001622514555914
mmfb_val_950,2,1,0.08288732035748103,-2.4037482438834585
mmfb_test_4113,2,1,0.9879105532648557,4.403259259125404
mmfb_test_9902,2,1,0.3343291536113048,-0.6886693261749602
mmfb_test_4372,2,1,0.9848142860366856,4.172097966238942
mmfb_test_9626,2,1,0.8145288544180204,1.4797105328170712
mmfb_test_9757,2,1,0.08051807935981292,-2.4353286341580613
mmfb_test_9916,2,1,0.9530580855092354,3.0107648764595716
mmfb_test_9632,2,1,0.5162803798486963,0.0651445480572368
mmfb_val_506,2,1,0.9999896022005617,11.473905968820977
mmfb_test_4248,2,1,0.9999893979389629,11.454451536168882
mmfb_test_9973,2,1,0.45497438482948116,-0.18059167358349548
mmfb_test_4356,2,1,0.13625763063586305,-1.8467271040901267
mmfb_test_5360,2,1,0.9971630329654728,5.862178744205529
mmfb_test_4179,2,1,0.9694356652260693,3.4568803148301424
mmfb_val_443,2,1,0.8628462799869525,1.8391342116769869
mmfb_test_4277,2,1,0.9998254297150903,8.653008533038816
mmfb_test_5255,2,1,0.9973502306514483,5.930629394853158
mmfb_test_4533,2,1,0.9028083387928613,2.2288253637538653
mmfb_test_4232,2,1,0.9996582455175125,7.981076153275741
mmfb_test_5425,2,1,0.984757380382451,4.168299870096952
mmfb_test_5011,2,1,0.9995274465564851,7.656887044326516
mmfb_val_426,2,1,0.21227203665990924,-1.311284162189524
mmfb_test_4066,2,1,0.9999463159037757,9.832340074473198
mmfb_test_5411,2,1,0.8340464679391584,1.6145812959347983
mmfb_test_5000,2,1,0.9999683660046187,10.361246577931116
mmfb_val_960,2,1,0.6479583974912988,0.6100771353294516
mmfb_val_957,2,1,0.33979371408809533,-0.664213630388639
mmfb_test_5147,2,1,0.9999913918016983,11.662786909663996
mmfb_test_5300,2,1,0.9463283735638276,2.8697051366411603
mmfb_test_9624,2,1,0.5192401667123692,0.07699868677856636
mmfb_test_4163,2,1,0.8813655385564498,2.005425440093693
mmfb_test_5367,2,1,0.9999805184746288,10.846024476619545
mmfb_test_4694,2,1,0.9792946632171683,3.8564410984842423
mmfb_val_991,2,1,0.3281558966193684,-0.7165375345539156
mmfb_test_4559,2,1,0.9996210393736947,7.877699214205209
mmfb_test_4679,2,1,0.9989370605304297,6.845653619472763
mmfb_test_9826,2,1,0.2694171293347907,-0.9975818232826752
mmfb_test_4518,2,1,0.9879105822317671,4.403261684499055
mmfb_test_9813,2,1,0.27903248559412364,-0.949265869102881
mmfb_val_400,2,1,0.999950632383068,9.91616650758034
mmfb_test_4600,2,1,0.9999233310137239,9.475936610466132
mmfb_test_9674,2,1,0.9828394368804075,4.047831857559444
mmfb_test_5201,2,1,0.9976231622323923,6.039604676904175
mmfb_test_5368,2,1,0.9962589463413861,5.584639911429576
mmfb_test_4090,2,1,0.9999905228925154,11.566621928768111
mmfb_test_5441,2,1,0.999988903363916,11.408857454370526
mmfb_test_4212,2,1,0.9998838624096775,9.060618801942017
mmfb_test_9794,2,1,0.46429306045247287,-0.14307130831419146
mmfb_test_4519,2,1,0.994639418749842,5.223307866865126
mmfb_test_5384,2,1,0.9999346043726943,9.634989764739947
mmfb_test_9791,2,1,0.7578036440666697,1.1406755220040272
mmfb_test_9955,2,1,0.9893822966234036,4.5345580677210435
mmfb_test_9909,2,1,0.7155857224385307,0.9226695004957621
mmfb_test_4492,2,1,0.99952532305754,7.652401316816633
mmfb_test_5129,2,1,0.999960998253827,10.151865136663622
mmfb_test_9544,2,1,0.9850613161217003,4.18874980710219
mmfb_test_4033,2,1,0.9660224710010085,3.347487701524453
mmfb_test_5347,2,1,0.9972617520149656,5.8976949807756265
mmfb_test_4128,2,1,0.9999463359243712,9.832713097506252
mmfb_test_4616,2,1,0.999678109005517,8.040975653370804
mmfb_test_4306,2,1,0.9226181689119649,2.4784634515174115
mmfb_test_5168,2,1,0.9999995949674255,14.719297937312081
mmfb_val_548,2,1,0.999989615383651,11.47517465945204
mmfb_test_9675,2,1,0.17694979808701505,-1.5371511317787732
mmfb_val_504,2,1,0.9998866343773936,9.084778992200274
mmfb_test_4057,2,1,0.9523770690767972,2.995646650014026
mmfb_test_4459,2,1,0.9981149178146335,6.271896998179797
mmfb_test_5099,2,1,0.9981168391433045,6.272918670968014
mmfb_test_4328,2,1,0.9925266220554844,4.888906737091114
mmfb_test_5306,2,1,0.9852431621172107,4.201181915162305
mmfb_test_4331,2,1,0.999060328997423,6.969040628451973
mmfb_test_5107,2,1,0.9961138782349016,5.546449901859441
mmfb_test_9381,3,1,0.9038093093090702,2.240285814486647
mmfb_test_9068,3,1,0.9982011460412572,6.31880503260082
mmfb_test_6743,3,1,0.9999954011604906,12.289701967997118
mmfb_test_6202,3,1,0.9999994192920059,14.359017217611651
mmfb_test_6664,3,1,0.9597317278329744,3.1710899274990165
mmfb_test_6936,3,1,0.9910614852131127,4.708407131847476
mmfb_test_9268,3,1,0.9999663567732701,10.299665164227228
mmfb_test_6974,3,1,0.9977666188961887,6.102002772896832
mmfb_val_663,3,1,0.9999947547166663,12.158176052508765
mmfb_test_6695,3,1,0.9999969914286764,12.714042226605713
mmfb_test_6520,3,1,0.9998995530033915,9.205779914476434
mmfb_test_9488,3,1,0.93656091828476,2.6921344662903004
mmfb_test_6222,3,1,0.9903648269471323,4.6326531247494245
mmfb_test_9226,3,1,0.9998689407568945,8.93973003171258
mmfb_test_6442,3,1,0.9990158242355208,6.922721394041505
mmfb_test_6011,3,1,0.9928134444874805,4.9283307852535065
mmfb_test_9129,3,1,0.2097006902859092,-1.3267305170818502
mmfb_test_9181,3,1,0.9241009138418452,2.4994166355407184
mmfb_test_6078,3,1,0.9998499420730906,8.804339089833636
mmfb_test_9130,3,1,0.8690558929980364,1.8926368739049881
mmfb_test_9019,3,1,0.9999779748944373,10.723305567945808
mmfb_test_9185,3,1,0.9992126379807077,7.1460347440617085
mmfb_test_9391,3,1,0.9989061293789961,6.8169383749782835
mmfb_test_9455,3,1,0.9999999989670412,20.69083854995541
mmfb_test_6180,3,1,0.9999988373769152,13.664830663064635
mmfb_test_9267,3,1,0.9076987929805685,2.285855379218893
mmfb_test_6403,3,1,0.9999997960285756,15.40528572530207
mmfb_test_6881,3,1,0.35151175574631255,-0.6124007207912743
mmfb_test_9316,3,1,0.5972463621124751,0.3940046404882773
mmfb_test_6904,3,1,0.9999898615147104,11.499161812147587
mmfb_test_9357,3,1,0.9999914556117674,11.670227293142869
mmfb_test_9332,3,1,0.9988348270959109,6.753719935204027
mmfb_test_6999,3,1,0.4878987007491149,-0.04841465169593717
mmfb_test_6128,3,1,0.9979595887674454,6.192561411148384
mmfb_test_6480,3,1,0.9992226382297821,7.1588270531454645
mmfb_test_6374,3,1,0.9997377527770962,8.245960618627572
mmfb_test_6750,3,1,0.9999999056706893,16.176473777618703
mmfb_test_6088,3,1,0.9725381210807745,3.5671104519190115
mmfb_test_6959,3,1,0.9988568989268507,6.772866715215364
mmfb_test_9089,3,1,0.9999403988215599,9.727775608648843
mmfb_val_668,3,1,0.9999723369458225,10.495385155824424
mmfb_test_9205,3,1,0.9975292771502138,6.000770739298779
mmfb_test_6234,3,1,0.9998425849682854,8.756467299024843
mmfb_test_9080,3,1,0.8053841288361726,1.4202916179753071
mmfb_val_633,3,1,0.9997908863338556,8.47242346115267
mmfb_test_9282,3,1,0.9878184687236325,4.395577969821429
mmfb_test_9434,3,1,0.5982722096000548,0.3982711294298955
mmfb_test_6674,3,1,0.9998017702079577,8.525885384893488
mmfb_test_6364,3,1,0.9999500595480625,9.904629281843746
mmfb_test_9467,3,1,0.025984475274044794,-3.6239279878202386
mmfb_test_9256,3,1,0.9999999913916493,18.57053308973924
mmfb_val_697,3,1,0.07343765685957404,-2.5350444920378252
mmfb_test_6825,3,1,0.9976634098998564,6.0567233103675715
mmfb_test_9451,3,1,0.9997967932476355,8.501083385270244
mmfb_test_6934,3,1,0.9426101274629755,2.79878490748921
mmfb_val_922,3,1,0.9999985702513884,13.458010495495364
mmfb_test_6740,3,1,0.9960269901774895,5.524250406644054
mmfb_test_6751,3,1,0.9999999621076587,17.08851678514489
mmfb_test_9326,3,1,0.9999809641744424,10.86916876255449
mmfb_test_6923,3,1,0.7876251151157502,1.310669196465815
mmfb_test_6316,3,1,0.9999626261007843,10.194500604512621
mmfb_test_6526,3,1,0.24186040844401813,-1.142506791295117
mmfb_test_6491,3,1,0.252454330538612,-1.085565036465351
mmfb_val_610,3,1,0.9999877488311479,11.309876957789296
mmfb_test_9442,3,1,0.9999999120588453,16.246597855306938
mmfb_test_9353,3,1,0.9973865317039856,5.9444602013722125
mmfb_test_6980,3,1,0.999922476798892,9.464855771065675
mmfb_test_9361,3,1,0.9998745268655509,8.983293409435827
mmfb_test_9195,3,1,0.9999897844146811,11.491585815756455
mmfb_val_616,3,1,0.9999983347974569,13.305562129214229
mmfb_test_6030,3,1,0.9145220600104126,2.370143259188412
mmfb_val_605,3,1,0.9954847631471044,5.395772173052345
mmfb_test_9238,3,1,0.9999837912382944,11.029942407009866
mmfb_test_6521,3,1,0.9999986912940421,13.546470418622135
mmfb_test_9161,3,1,0.9584645696988006,3.1387857922783517
mmfb_test_6175,3,1,0.9999922703717218,11.77044205506808
mmfb_val_654,3,1,0.9999998546270928,15.743963477375004
mmfb_test_9159,3,1,0.20942202402243026,-1.328412823414458
mmfb_test_9136,3,1,0.9996470774946569,7.948909071940269
mmfb_val_696,3,1,0.006813752402216489,-4.981975225028789
mmfb_test_9402,3,1,0.5626154724510566,0.25178366343888436
mmfb_test_6399,3,1,0.9999096978428008,9.31225890234355
mmfb_test_9271,3,1,0.9987095888538432,6.6515031489937915
mmfb_test_6691,3,1,0.9999983891810642,13.33876624170712
mmfb_test_6891,3,1,0.6693119804734744,0.7050748982386834
mmfb_test_6156,3,1,0.9936672778037219,5.055672229524186
mmfb_test_9370,3,1,0.9999971065088247,12.753043872267916
mmfb_test_6049,3,1,0.9995532345794262,7.713030022037607
mmfb_test_6134,3,1,0.9998116870970348,8.577217270565066
mmfb_test_9339,3,1,0.9998923202459101,9.136241290230465
mmfb_test_6696,3,1,0.9999866477751055,11.223814175924984
mmfb_test_6611,3,1,0.9998229925220982,8.639141555104535
mmfb_test_9296,3,1,0.9998751430920788,8.98821734830081
mmfb_test_9169,3,1,0.9895422834591711,4.549902365407388
mmfb_test_6466,3,1,0.9980145475776376,6.219921044181524
mmfb_test_6637,3,1,0.999557784212716,7.723270274902322
mmfb_test_9209,3,1,0.9988711687802811,6.785443031538049
mmfb_test_9334,3,1,0.9999990264519504,13.842317682159518
mmfb_test_6882,3,1,0.9981835006562702,6.309025916406485
mmfb_val_660,3,1,0.9999714393643079,10.463452601569173
mmfb_test_9039,3,1,0.9999746035293531,10.58087494771041
mmfb_test_9022,3,1,0.9931244672942788,4.972886875878001
mmfb_test_9116,3,1,0.2672127367902821,-1.0088103240630375
mmfb_test_6187,3,1,0.8106674391784217,1.4543528574744047
mmfb_test_6987,3,1,0.41718854513024684,-0.33432546281100983
mmfb_test_6967,3,1,0.9984442533848449,6.464242752171551
mmfb_test_6058,3,1,0.9999119333175471,9.337328204731204
mmfb_test_6332,3,1,0.9996554246510111,7.972853136845969
mmfb_val_675,3,1,0.9879793338916039,4.409034436171835
mmfb_test_6574,3,1,0.9999984569651457,13.381757853085844
mmfb_test_6104,3,1,0.9999736783439518,10.545092211719897
mmfb_test_9006,3,1,0.9988065591886943,6.72972055242446
mmfb_test_6309,3,1,0.9999990963290709,13.91679965570356
mmfb_test_9137,3,1,0.999998754910842,13.59630217263345
mmfb_test_6229,3,1,0.9999406731002919,9.732388405445578
mmfb_test_6008,3,1,0.9999885208374216,11.37496563664347
mmfb_test_6615,3,1,0.9992619348382114,7.210740104488977
mmfb_test_6809,3,1,0.9999953780349641,12.28468598887271
mmfb_test_6009,3,1,0.9833783182970728,4.080285937236715
mmfb_val_906,3,1,0.999904925318809,9.260752778192192
mmfb_test_6219,3,1,0.9999950244552832,12.210970726974558
mmfb_test_6092,3,1,0.20915722584521612,-1.330012933641147
mmfb_test_6766,3,1,0.9999992942533737,14.16400884448127
mmfb_test_6564,3,1,0.9999861682667422,11.188531262374013
mmfb_test_6067,3,1,0.999999642885711,14.845209611839046
mmfb_test_6527,3,1,0.9999674937075752,10.334044367477297
mmfb_test_9493,3,1,0.0025902284281410504,-5.953415622092273
mmfb_test_6940,3,1,0.9816955876271034,3.9821391240065713
mmfb_test_9279,3,1,0.8450559647178464,1.6963388665747225
mmfb_test_6812,3,1,0.9957101164635589,5.447196582605955
mmfb_test_9260,3,1,0.9999759064753041,10.633543344570782
mmfb_test_9103,3,1,0.713172982730216,0.9108446967499537
mmfb_test_9173,3,1,0.9997856571844154,8.447719516908087
mmfb_test_6497,3,1,0.999892710263734,9.139870271968846
mmfb_val_689,3,1,0.11059956787041869,-2.0846313820013553
mmfb_test_6596,3,1,0.9999414269058104,9.745176535533433
mmfb_test_9473,3,1,0.9999999604459919,17.04559876627802
mmfb_test_6424,3,1,0.9631265815756127,3.26269392464809
mmfb_test_6601,3,1,0.9997249428865873,8.198256701775634
mmfb_test_6569,3,1,0.9993283942882216,7.305167296724573
mmfb_test_6397,3,1,0.9970516116040371,5.823543820908009
mmfb_test_9066,3,1,0.9983943738164749,6.432634536405885
mmfb_test_6642,3,1,0.9974520098205999,5.969899153687212
mmfb_test_6433,3,1,0.999999121785697,13.945374314098476
mmfb_test_6197,3,1,0.009322564773776909,-4.665951205964452
mmfb_test_9104,3,1,0.9998523986245698,8.82084771493891
mmfb_test_9463,3,1,0.9999861582072626,11.1878042412193
mmfb_test_9239,3,1,0.9942304178577337,5.149369329623418
mmfb_test_6428,3,1,0.07591454668528774,-2.499196227337246
mmfb_test_9027,3,1,0.9999910926369525,11.628623407154162
mmfb_test_9354,3,1,0.999473682652243,7.549079748519278
mmfb_test_9057,3,1,0.4602305967813738,-0.15941435605155396
mmfb_test_6482,3,1,0.9999992372270055,14.08630460408082
mmfb_test_6407,3,1,0.9894369978205869,4.539778557127352
mmfb_test_6101,3,1,0.9770839383376357,3.7527345153781173
mmfb_test_6348,3,1,0.9999892747153487,11.442895827248183
mmfb_val_627,3,1,0.9952196570817258,5.338451189525764
mmfb_test_6150,3,1,0.999994954201422,12.196949579910829
mmfb_test_9219,3,1,0.4432640835614756,-0.22792529193942568
mmfb_test_6847,3,1,0.9999984763165872,13.394378332964404
mmfb_val_643,3,1,0.9999802086982464,10.830248230666268
mmfb_test_6429,3,1,0.9981678352882939,6.300423263456803
mmfb_test_9349,3,1,0.20094190296929582,-1.3804178289762505
mmfb_test_6603,3,1,0.986795823836768,4.313929997061858
mmfb_test_6628,3,1,0.999993645900367,11.966403987755237
mmfb_test_6774,3,1,0.9999421686463085,9.757921644922536
mmfb_test_9291,3,1,0.9998837836073065,9.059940427255412
mmfb_test_6689,3,1,0.9999299274465273,9.56590929949759
mmfb_test_6810,3,1,0.9999599722309258,10.12589708928934
mmfb_test_6765,3,1,0.9999609907437839,10.151672591103274
mmfb_test_6148,3,1,0.9999832047852165,10.994399751085467
mmfb_test_9252,3,1,0.9999428204044531,9.769256263197198
mmfb_test_6412,3,1,0.9999640075190621,10.232164511031606
mmfb_test_9193,3,1,0.999781546931068,8.428720877062164
mmfb_test_9186,3,1,0.9664957763978592,3.3620054200820517
mmfb_test_6184,3,1,0.9999999490473737,16.792369480182742
mmfb_test_6385,3,1,0.9999757194771391,10.625811776553746
mmfb_test_6057,3,1,0.9476571597535597,2.896177630073933
mmfb_test_9484,3,1,0.9856628891132352,4.230463056149699
mmfb_test_6449,3,1,0.9998234489928457,8.641724164371155
mmfb_val_670,3,1,0.9999856021188043,11.148415103407851
mmfb_test_9084,3,1,0.9982455026326315,6.343816825144029
mmfb_test_6368,3,1,0.999805888789858,8.54688518493813
mmfb_test_6553,3,1,0.9999977983920509,13.026320377023392
mmfb_test_9289,3,1,0.9999652793580337,10.268141457285491
mmfb_test_6572,3,1,0.9997105384283281,8.147198506627152
mmfb_test_6179,3,1,0.9999734067526628,10.534826640304434
mmfb_test_9021,3,1,0.9911958674735041,4.723690944552914
mmfb_test_6503,3,1,0.9572726082425272,3.1092480002715597
mmfb_test_6913,3,1,0.4262031234064093,-0.297359412024242
mmfb_test_6087,3,1,0.10952456314980896,-2.095606673697746
mmfb_test_9324,3,1,0.7877229930009475,1.311254437778406
mmfb_test_6356,3,1,0.9794133178830065,3.8623093696278485
mmfb_test_6728,3,1,0.9999967792118343,12.645881235587877
mmfb_test_9235,3,1,0.999066560386671,6.9757004099885975
mmfb_test_9429,3,1,0.9999812334070054,10.883413470412323
mmfb_test_9197,3,1,0.9999635134159388,10.218529437661532
mmfb_test_6556,3,1,0.9999995340396004,14.579164719889611
mmfb_test_6804,3,1,0.9993606599835437,7.3544345934937825
mmfb_test_6484,3,1,0.9999958186148731,12.384863814841431
mmfb_test_6153,3,1,0.9976260728862139,6.040832935779067
mmfb_test_6195,3,1,0.9999968521611882,12.668791284227213
mmfb_test_6474,3,1,0.9889790027485719,4.496870806291898
mmfb_test_6487,3,1,0.9916378797232109,4.775645983474167
mmfb_test_6770,3,1,0.9999970706017557,12.740710604007628
mmfb_test_9447,3,1,0.9999962836158739,12.502755655094997
mmfb_val_928,3,1,0.8996475329006619,2.193314396620623
mmfb_test_9010,3,1,0.9994278275392515,7.465497771008989
mmfb_test_6496,3,1,0.975318678799496,3.676717536794732
mmfb_test_9275,3,1,0.9955012429510253,5.399445224789099
mmfb_test_6410,3,1,0.999340798907039,7.323822502897535
mmfb_test_6578,3,1,0.9999210129843797,9.446148088107197
mmfb_test_9417,3,1,0.8984413739904663,2.180025227445868
mmfb_test_9464,3,1,0.9999999967438342,19.542715467123347
mmfb_test_9042,3,1,0.9999793391042818,10.78724707891416
mmfb_test_6236,3,1,0.9999408508402684,9.735389022452312
mmfb_test_9380,3,1,0.9999513737223069,9.93129785244584
mmfb_test_6932,3,1,0.01375299043521172,-4.272650553365432
mmfb_test_9180,3,1,0.9999837919917856,11.02998889550305
mmfb_test_6538,3,1,0.999840052294858,8.740503678519316
mmfb_test_6928,3,1,0.8374750130446442,1.639559672255426
mmfb_test_6500,3,1,0.9999998772892471,15.913435731097529
mmfb_test_6895,3,1,0.9999999825036152,17.861271543290485
mmfb_test_9330,3,1,0.4576022324365163,-0.16999930213868986
mmfb_test_6669,3,1,0.9999703744001398,10.42684208422936
mmfb_test_9098,3,1,0.9914215649989393,4.749888341362567
mmfb_test_6823,3,1,0.9999966866322842,12.617542135642998
mmfb_test_9437,3,1,0.9999963040764727,12.508276399137607
mmfb_test_6850,3,1,0.9998191814490667,8.61783567564913
mmfb_test_9459,3,1,0.99973247280882,8.226021784540356
mmfb_test_6586,3,1,0.9995712891079221,7.7542989746420705
mmfb_test_6353,3,1,0.9997775602884961,8.410631988152268
mmfb_test_6748,3,1,0.9999724341201981,10.498904222816842
mmfb_test_9323,3,1,0.8446882667014065,1.6935333643742627
mmfb_test_6420,3,1,0.9985873364166464,6.56086462809229
mmfb_test_9133,3,1,0.5550830326997642,0.2212300366046982
mmfb_test_6786,3,1,0.9998696056627043,8.944816932222206
mmfb_test_9207,3,1,0.7663817992017434,1.1879923156476861
mmfb_test_6436,3,1,0.9983636676849216,6.413660262283901
mmfb_test_9479,3,1,0.9998624022276626,8.891038214765107
mmfb_test_9386,3,1,0.9930151428250302,4.9570013683926435
mmfb_val_642,3,1,0.9999999184665491,16.322252379060526
mmfb_test_9421,3,1,0.9778883964456672,3.789293031017821
mmfb_test_6019,3,1,0.35706287040864193,-0.5881350689101263
mmfb_test_6271,3,1,0.012720623405348186,-4.351728489142059
mmfb_test_6159,3,1,0.9999414412501781,9.745421476745681
mmfb_test_6479,3,1,0.9775372423439214,3.773177668175663
mmfb_test_1783,4,0,0.6581979191639741,0.6552738165613881
mmfb_test_1757,4,0,0.005608025073491896,-5.177932849152561
mmfb_test_2716,4,0,0.009115450490033372,-4.688627198720348
mmfb_test_976,4,0,0.0007814051838515024,-7.153635030668994
mmfb_test_2019,4,0,0.28226828571062523,-0.9332378557996779
mmfb_test_1171,4,0,0.01037179062543414,-4.558239645552686
mmfb_test_1694,4,0,0.0014364041393197802,-6.544174977127821
mmfb_test_895,4,0,5.120589569762579e-05,-9.879604674996814
mmfb_test_871,4,0,0.026939820994489105,-3.586840402839339
mmfb_test_1634,4,0,0.9243151282722886,2.502474766016548
mmfb_test_2221,4,0,0.08968472318738674,-2.317490553046239
mmfb_test_2095,4,0,0.4777874260820172,-0.08890881644836579
mmfb_test_2283,4,0,0.027021374275259857,-3.583733921902559
mmfb_val_262,4,0,0.0004108019014200659,-7.796988565038366
mmfb_test_1417,4,0,6.513838384836212e-05,-9.638931428348355
mmfb_test_2749,4,0,0.0675128830359234,-2.6255368963758845
mmfb_test_2691,4,0,0.010035398528295048,-4.59155049110934
mmfb_test_2060,4,0,2.5677278944535864e-05,-10.569878367253
mmfb_test_347,4,0,0.1822639440842002,-1.5010837357919486
mmfb_test_1928,4,0,0.08279828352290686,-2.4049200916369684
mmfb_test_2483,4,0,0.010290050984143817,-4.566234414848331
mmfb_test_399,4,0,0.13881451511151222,-1.8251712924930594
mmfb_val_42,4,0,0.059934234618604254,-2.7527019646018838
mmfb_test_146,4,0,0.06815047602896673,-2.6154532035476317
mmfb_test_874,4,0,0.022717391099372986,-3.7616451132525226
mmfb_test_2940,4,0,0.047470595997404,-2.999010489140507
mmfb_test_845,4,0,0.28590786347292063,-0.9153423935418248
mmfb_test_550,4,0,0.008442343841175703,-4.766017120351671
mmfb_val_93,4,0,0.0009812879364936578,-6.9256628585055005
mmfb_test_208,4,0,0.0006271362423145854,-7.3737194155935235
mmfb_val_104,4,0,0.016763342505236922,-4.071655332764054
mmfb_val_22,4,0,0.4455538608940761,-0.2186515284308117
mmfb_test_1765,4,0,0.10860656173265282,-2.105054072545851
mmfb_test_1271,4,0,0.27102721058625157,-0.9894171814984649
mmfb_test_1385,4,0,0.5744003053935138,0.2998273289405886
mmfb_test_2232,4,0,0.00685552337412243,-4.975821489201497
mmfb_test_2327,4,0,0.047562950719872044,-2.9969699028746963
mmfb_test_2669,4,0,0.14977265954975894,-1.7363852316700852
mmfb_test_1359,4,0,0.3248433025711065,-0.7316018881453483
mmfb_test_905,4,0,0.16587185809513105,-1.615171486852034
mmfb_val_9,4,0,0.01412362329505601,-4.245682161701033
mmfb_test_306,4,0,0.044048587090113056,-3.0774138117153815
mmfb_test_1445,4,0,0.0026542891367276056,-5.928920587242402
mmfb_test_2661,4,0,0.006051320900537838,-5.101408995759533
mmfb_test_669,4,0,0.03541550756999312,-3.3045476396556364
mmfb_test_2935,4,0,0.035202952178636004,-3.3107878182830737
mmfb_test_2114,4,0,0.01659171016160632,-4.0821212019431234
mmfb_test_2080,4,0,0.010716822791941416,-4.525165887077614
mmfb_test_1929,4,0,0.22928476624141214,-1.2123542069938533
mmfb_test_1502,4,0,0.3045047179933378,-0.8259376464802419
mmfb_test_46,4,0,0.0009369259727503021,-6.971968918220199
mmfb_test_2489,4,0,0.0010498205181096454,-6.858085692591869
mmfb_test_1684,4,0,0.09706687247819523,-2.2302483468109133
mmfb_test_2926,4,0,0.3146002066359539,-0.7786996605130085
mmfb_test_2550,4,0,0.027301016735470807,-3.5731507200485235
mmfb_test_1363,4,0,0.04416634242143869,-3.0746208842333216
mmfb_test_1409,4,0,0.08044098954737244,-2.436370352148417
mmfb_test_538,4,0,0.6318725665516379,0.5402585738425962
mmfb_test_2701,4,0,0.004870011315519895,-5.319777109912452
mmfb_test_2013,4,0,8.835265963269556e-05,-9.334085899718882
mmfb_test_2319,4,0,0.005773027719858659,-5.148768845218868
mmfb_test_66,4,0,0.0025532272934349898,-5.967840622409433
mmfb_test_444,4,0,0.0019849349498254343,-6.2201822287048945
mmfb_test_2226,4,0,0.46055306521261796,-0.1581163369141445
mmfb_test_356,4,0,0.1321532054683856,-1.8820532980422884
mmfb_test_1365,4,0,0.7989782917358909,1.3799208725641021
mmfb_val_151,4,0,0.0312969840311097,-3.4324363437764633
mmfb_test_2384,4,0,0.00040386965380978523,-7.814014419915939
mmfb_test_2939,4,0,0.00015458125058476213,-8.77463611290762
mmfb_test_793,4,0,0.015934065660493935,-4.123233589521246
mmfb_test_289,4,0,0.005028414021658434,-5.287609549397466
mmfb_test_666,4,0,0.7442351049673581,1.0680983424827515
mmfb_test_2686,4,0,0.02369503579862542,-3.718509434700008
mmfb_test_1796,4,0,0.04116445810134084,-3.1481443544201224
mmfb_val_240,4,0,0.05092028031019469,-2.925231520382359
mmfb_test_640,4,0,0.01877675080564678,-3.9561805614897447
mmfb_test_1982,4,0,0.004394953569269333,-5.422893672576254
mmfb_test_2378,4,0,0.12486726160442285,-1.9471243099608946
mmfb_test_140,4,0,0.18174282703808664,-1.5045840300212832
mmfb_val_238,4,0,0.013381160883314092,-4.300435970090931
mmfb_test_1131,4,0,0.0028712159881971733,-5.850144303838444
mmfb_test_806,4,0,0.2964583558060798,-0.864220314549343
mmfb_test_1748,4,0,0.16240047052816464,-1.6404747727342759
mmfb_test_1388,4,0,0.0011652609610304232,-6.753644275759003
mmfb_test_450,4,0,0.017846950242847104,-4.007914512474312
mmfb_test_1822,4,0,0.014148032225855589,-4.2439306601198625
mmfb_test_2463,4,0,0.05218947406517249,-2.899273786827378
mmfb_test_2420,4,0,0.017076046739709083,-4.052855049212786
mmfb_test_320,4,0,0.0006160644120802861,-7.391542780574248
mmfb_test_1339,4,0,0.02486005029354632,-3.669318889706125
mmfb_test_2170,4,0,0.026490430295644685,-3.6041241081154745
mmfb_test_1883,4,0,0.8497340807192841,1.7325169345708444
mmfb_test_725,4,0,0.17503539598917872,-1.5503522649185013
mmfb_test_1372,4,0,0.6829667140983005,0.7674393523251077
mmfb_test_2783,4,0,0.003038139041010246,-5.793467345016985
mmfb_test_2655,4,0,0.08408775840689098,-2.3880595575449735
mmfb_test_2709,4,0,3.0343895815909683e-05,-10.402884842660132
mmfb_test_1360,4,0,0.8871581337238268,2.0620358205688794
mmfb_test_632,4,0,0.0010711204606412839,-6.8379783243993835
mmfb_test_255,4,0,0.01876400208618778,-3.9568727477063006
mmfb_val_278,4,0,0.47410748893500665,-0.10366277437586846
mmfb_test_1729,4,0,0.19797305951122246,-1.399011240571739
mmfb_val_160,4,0,0.04544440456801824,-3.0447561858468717
mmfb_test_2400,4,0,0.0005637419195723137,-7.4803500997211705
mmfb_val_90,4,0,0.12242733663931815,-1.969642075461926
mmfb_test_1659,4,0,0.8582367951459797,1.80072195222396
mmfb_test_1623,4,0,0.33723092930928944,-0.6756586739932628
mmfb_test_354,4,0,0.0006733510778589302,-7.302570125448303
mmfb_test_2921,4,0,0.0056845048672936604,-5.164310526999699
mmfb_test_1726,4,0,0.03376605018448797,-3.353950123667618
mmfb_test_305,4,0,0.0775677665184813,-2.4758619525972008
mmfb_test_2861,4,0,0.10301370801971355,-2.1641785129244613
mmfb_test_662,4,0,0.2371030175666896,-1.168628285729568
mmfb_val_264,4,0,0.20662079512457754,-1.3454160919375244
mmfb_test_912,4,0,0.01582915825771325,-4.129945803025006
mmfb_val_282,4,0,0.0037078173313100926,-5.593597187567763
mmfb_test_919,4,0,0.09899305534773839,-2.208463265623334
mmfb_test_2765,4,0,0.035771810403017135,-3.2941678134796497
mmfb_test_2999,4,0,0.005028966422441328,-5.287499144371361
mmfb_test_2914,4,0,0.10507316515809384,-2.142085047626347
mmfb_test_1034,4,0,0.37802592471124774,-0.497935635110474
mmfb_test_1927,4,0,0.6790764078492327,0.7495305870838405
mmfb_test_484,4,0,0.014679911985708172,-4.206486523189845
mmfb_val_25,4,0,0.06303955024869123,-2.6988787607596607
mmfb_test_1294,4,0,0.06502983450637478,-2.6656684632200194
mmfb_test_1123,4,0,0.9831768462299642,4.068032870414735
mmfb_val_120,4,0,0.04317839490548514,-3.0982767112960037
mmfb_test_65,4,0,0.2193107242477571,-1.2696876599173992
mmfb_test_261,4,0,0.5411324643448161,0.16490252472437417
mmfb_test_2576,4,0,0.005053930776158122,-5.282522221874823
mmfb_test_2543,4,0,0.0005793378063232435,-7.453045314223426
mmfb_test_2875,4,0,1.6583781651591245e-05,-11.00706876520572
mmfb_test_1280,4,0,0.10256005309004679,-2.1690976957819275
mmfb_test_1644,4,0,0.006738727010664913,-4.993122707964769
mmfb_test_906,4,0,0.10860065563588484,-2.1051150803551835
mmfb_test_76,4,0,0.0294806449724081,-3.49409740038079
mmfb_test_413,4,0,0.47619843158526476,-0.09527828592761667
mmfb_test_1817,4,0,0.23932985377193328,-1.156357074384071
mmfb_val_47,4,0,0.7406870248826087,1.0495424371830777
mmfb_test_2311,4,0,0.9477186153744661,2.897417265761294
mmfb_test_2506,4,0,0.001307311204730599,-6.638474600056898
mmfb_test_1175,4,0,0.000434933737655685,-7.739881837357931
mmfb_test_2931,4,0,0.0009687197836744099,-6.938565979532988
mmfb_test_1446,4,0,0.004707584694892075,-5.353861605844369
mmfb_test_2186,4,0,0.07367715563896948,-2.531530030948992
mmfb_test_1033,4,0,0.06909141925837625,-2.6007305333059616
mmfb_test_2567,4,0,0.00032609666528615744,-8.027990551421448
mmfb_test_551,4,0,0.0027051385398776384,-5.909893347735163
mmfb_test_1328,4,0,0.1370068718232329,-1.8403756444726471
mmfb_test_2106,4,0,0.6166160872530371,0.475209735088167
mmfb_test_1351,4,0,0.447521736301947,-0.21068898161794747
mmfb_test_1776,4,0,0.1289652376495678,-1.910138994444323
mmfb_test_609,4,0,0.014794217525041287,-4.198614138913948
mmfb_test_1137,4,0,7.6410049587472e-05,-9.479319918371658
mmfb_test_643,4,0,0.0018173556834683025,-6.308553746500316
mmfb_test_1588,4,0,0.005410663001645721,-5.2139582888430684
mmfb_test_1134,4,0,0.06249406866067764,-2.7081514337767234
mmfb_test_329,4,0,0.1818665983876694,-1.5037519635351737
mmfb_val_111,4,0,0.5428813346632849,0.17194774076336583
mmfb_test_2791,4,0,0.12037164543843504,-1.9889154917698422
mmfb_test_2490,4,0,0.10384795718180984,-2.1551822099497757
mmfb_test_1747,4,0,0.5513419179703194,0.20609406978798006
mmfb_test_1985,4,0,0.06639399911953903,-2.6434478309373755
mmfb_val_59,4,0,0.06918467134640394,-2.599281573798576
mmfb_test_363,4,0,0.0035809847818784046,-5.628530025803741
mmfb_val_233,4,0,0.010108955134785824,-4.584173203363935
mmfb_test_1101,4,0,0.23439981644284258,-1.1836318052857928
mmfb_test_691,4,0,0.019080441598104958,-3.939826646305809
mmfb_test_106,4,0,0.17234036114166207,-1.5691306403665213
mmfb_test_2251,4,0,0.0010460852544813548,-6.861653778636887
mmfb_test_1189,4,0,0.007472804683782308,-4.888984024654626
mmfb_test_889,4,0,0.256878124130859,-1.0622583161481731
mmfb_test_553,4,0,0.20240710634611903,-1.3713172617436218
mmfb_test_346,4,0,0.5447858571146832,0.17962484278659818
mmfb_test_567,4,0,0.037476380835031686,-3.245847715111122
mmfb_test_1386,4,0,0.01171666961482798,-4.434956847071962
mmfb_test_1809,4,0,0.014946436253771567,-4.188223125385291
mmfb_test_2073,4,0,0.5264899010223801,0.10605890928914596
mmfb_test_163,4,0,0.23646817891291771,-1.172141152875621
mmfb_test_959,4,0,0.009700467133096247,-4.625833413417549
mmfb_val_211,4,0,0.3969429089956926,-0.41821940623799536
mmfb_test_815,4,0,0.20741013880215642,-1.340607708990541
mmfb_test_590,4,0,0.5432595550726764,0.17347193236289637
mmfb_test_2209,4,0,0.0001783918276880847,-8.631349740049842
mmfb_test_1160,4,0,0.015585497481995447,-4.145706217476737
mmfb_test_504,4,0,0.028013691798625118,-3.5466483346834288
mmfb_test_1889,4,0,0.2542249481672554,-1.0762045178416446
mmfb_test_2946,4,0,0.06786052200333181,-2.6200280063080466
mmfb_test_1129,4,0,0.2489939037797585,-1.1039853558487653
mmfb_test_2839,4,0,0.08216097298519687,-2.4133416152929668
mmfb_test_776,4,0,0.0005899826228479288,-7.434827317567251
mmfb_test_455,4,0,0.01580735142172951,-4.131346547285004
mmfb_test_591,4,0,0.11890974553189626,-2.002795301727974
mmfb_test_1821,4,0,0.038957251468677234,-3.205553962597018
mmfb_test_1832,4,0,0.6193651555083581,0.48685450857605483
mmfb_test_1818,4,0,0.09659863172217797,-2.2356023610548057
mmfb_test_2089,4,0,0.45113397474562966,-0.1960900206744245
mmfb_test_1887,4,0,0.09267885802754161,-2.2813560801615154
mmfb_test_1290,4,0,0.03602245996303466,-3.2869253638412226
mmfb_test_1554,4,0,0.7369714359686708,1.0302864995078438
mmfb_test_2110,4,0,0.0019902197596397553,-6.217518011484454
mmfb_test_2847,4,0,2.2184081235110398e-05,-10.716113403452313
mmfb_test_1880,4,0,0.0017469865905604953,-6.348114409203717
mmfb_test_2575,4,0,0.005247232158272275,-5.244793502120368
mmfb_test_2637,4,0,0.010127300714859011,-4.582341530003293
mmfb_test_1335,4,0,0.12061816032408945,-1.9865893496463878
mmfb_test_2216,4,0,0.0001481524536940393,-8.817120558424905
mmfb_test_1865,4,0,0.0021948581761824792,-6.119440576352275
mmfb_test_2539,4,0,0.0013546220629579997,-6.6028772434892415
mmfb_test_1090,4,0,0.28397050208577757,-0.9248509974446232
mmfb_test_94,4,0,0.4257505688503236,-0.299210195316316
mmfb_test_1258,4,0,0.03640780963146062,-3.2758848641225837
mmfb_test_2702,4,0,0.006146425126762445,-5.085719254216543
mmfb_test_312,4,0,0.0049718709878155964,-5.298974781555415
mmfb_test_2969,4,0,0.00020935565462765204,-8.471266677890394
mmfb_test_495,4,0,0.01992585235089428,-3.8956102279455145
mmfb_test_325,4,0,0.0003665273704850369,-7.9110707641448865
mmfb_test_2175,4,0,0.0982423624834059,-2.216908277218592
mmfb_test_1844,4,0,0.08871117626394087,-2.329474005239301
mmfb_test_2900,4,0,0.0002294225310195408,-8.379715692066739
mmfb_test_242,4,0,0.020113515288006756,-3.8860447415368164
mmfb_test_1396,4,0,0.012160248893806958,-4.397348144786903
mmfb_test_1212,4,0,0.035251285467987614,-3.3093656722101534
mmfb_test_1054,4,0,0.06768746476421506,-2.6227670925126514
mmfb_test_155,4,0,0.13028084129129236,-1.89847791550352
mmfb_test_2188,4,0,0.038434197184081365,-3.219615385396544
mmfb_test_1320,4,0,0.3021415492583108,-0.8371206758436849
mmfb_test_2668,4,0,0.0004621872852136333,-7.679078075649413
mmfb_test_2584,4,0,8.026318483067563e-06,-11.73277657915001
mmfb_test_2790,4,0,0.0005609224723727158,-7.485366777557339
mmfb_test_1762,4,0,0.012593231388978388,-4.361922602517552
mmfb_test_2131,4,0,0.023617098377349266,-3.7218838694956395
mmfb_test_876,4,0,0.32956051728715763,-0.7101734406192355
mmfb_test_100,4,0,0.5759487399553049,0.30616431934620336
mmfb_test_1236,4,0,0.023942072577099127,-3.707884666323374
mmfb_test_165,4,0,0.25008950455666135,-1.0981349879843014
mmfb_test_681,4,0,0.643751801742486,0.5916855767500053
mmfb_test_2119,4,0,0.002565540727696325,-5.963017175191739
mmfb_test_197,4,0,0.003273475346553645,-5.718624216442585
mmfb_test_1503,4,0,0.014021686501352937,-4.253029193029727
mmfb_test_2998,4,0,0.0041380057291757755,-5.483394724165085
mmfb_test_1677,4,0,0.3203763577874732,-0.7520427548214887
mmfb_test_1593,4,0,0.3931083347652742,-0.4342650645433872
mmfb_val_245,4,0,0.04777751584090639,-2.992243560398406
mmfb_test_2759,4,0,0.28160545228204303,-0.936511941586253
mmfb_test_2062,4,0,0.0013398076670284587,-6.613888501377591
mmfb_test_2846,4,0,0.0015714905116095412,-6.454158012939104
mmfb_test_4932,5,1,0.9999821646890097,10.934312466755408
mmfb_test_5863,5,1,0.9999999999825548,24.771956984162074
mmfb_test_5614,5,1,0.9936257930508718,5.0491009868625785
mmfb_test_5832,5,1,0.9999991766111627,14.009836461115453
mmfb_test_5956,5,1,0.9998790543463064,9.020048303322493
mmfb_test_8720,5,1,0.9998545563831094,8.83557660503929
mmfb_test_3803,5,1,0.9973905079099664,5.945986775355378
mmfb_test_3555,5,1,0.9948729615824043,5.268086866240063
mmfb_val_579,5,1,0.999998172343176,13.212474007920978
mmfb_test_5993,5,1,0.9999986171652501,13.49137361623233
mmfb_test_5925,5,1,0.9999998960328924,16.07919115706342
mmfb_test_3668,5,1,0.9999791926006408,10.780181088477395
mmfb_test_3910,5,1,0.9999999928269453,18.752934233166926
mmfb_test_3018,5,1,0.9998190463084369,8.617088437084778
mmfb_test_3135,5,1,0.9999985364037481,13.434612501123311
mmfb_test_3460,5,1,0.9999972236924229,12.794385946499863
mmfb_test_3365,5,1,0.999999938752369,16.608340604680137
mmfb_val_551,5,1,0.9999932966493759,11.91289636004778
mmfb_test_4911,5,1,0.9999552331064907,10.013996907998237
mmfb_test_8508,5,1,0.9999999973434317,19.746230640957613
mmfb_test_3604,5,1,0.8731249512306872,1.9288759399705255
mmfb_test_5955,5,1,0.9999998890840385,16.01449291445535
mmfb_test_5717,5,1,0.9999999995318664,21.48226737221811
mmfb_val_363,5,1,0.9999142309189758,9.363766204679342
mmfb_test_3768,5,1,0.9993520626532426,7.3410684060404865
mmfb_val_307,5,1,0.9999998716090124,15.868185509844
mmfb_test_8600,5,1,0.9999236200619709,9.479714104661479
mmfb_test_3873,5,1,0.9999837085890082,11.024856230507215
mmfb_test_3296,5,1,0.9999992220839516,14.066646447707715
mmfb_test_3700,5,1,0.9993129291963534,7.282385902030988
mmfb_test_3536,5,1,0.9993740286865884,7.3755798458200115
mmfb_test_8814,5,1,0.9999936021632884,11.959544240688011
mmfb_test_4753,5,1,0.9999999995436888,21.507846118234063
mmfb_val_315,5,1,0.9969690822087013,5.7958542835825995
mmfb_test_3908,5,1,0.9999993284142872,14.213623513680583
mmfb_test_5842,5,1,0.9999936542520442,11.967719236844307
mmfb_test_3571,5,1,0.9877530784102451,4.3901581392607145
mmfb_test_3473,5,1,0.9999982661648235,13.265173004182934
mmfb_test_3517,5,1,0.9999731405156054,10.524864703236588
mmfb_test_8875,5,1,0.9860781403016694,4.260275356260665
mmfb_test_3944,5,1,0.9999942211442581,12.061299084520678
mmfb_test_8859,5,1,0.9958703622395737,5.485427396932895
mmfb_test_5659,5,1,0.9957184527471278,5.449150087712949
mmfb_val_567,5,1,0.9999916299765941,11.690845507004992
mmfb_val_316,5,1,0.9999997051801537,15.036901062703217
mmfb_test_4996,5,1,0.9999995526509494,14.61992622580353
mmfb_test_3396,5,1,0.9999997758513781,15.310956290414826
mmfb_test_8963,5,1,0.9916418314217184,4.776122651539703
mmfb_val_884,5,1,0.9701847933705705,3.482468009046342
mmfb_val_560,5,1,0.9999996505025556,14.866769237996966
mmfb_test_8989,5,1,0.9999997667008708,15.270944156778597
mmfb_test_5634,5,1,0.9999906320107745,11.578202713778843
mmfb_test_5545,5,1,0.9999999789151945,17.674713153690796
mmfb_test_3796,5,1,0.9999970171042332,12.722613012520013
mmfb_test_5642,5,1,0.9999998261341944,15.564981893283097
mmfb_test_8853,5,1,0.9967330274059232,5.720619214310197
mmfb_test_4854,5,1,0.9998690620133998,8.940655785016656
mmfb_test_3703,5,1,0.6933735661681035,0.8159387317288971
mmfb_test_5803,5,1,0.9999976127208549,12.945353886227906
mmfb_test_5633,5,1,0.999999951365925,16.83894137154189
mmfb_test_5617,5,1,0.9978177424008852,6.1252106999233895
mmfb_test_3511,5,1,0.9999990135444708,13.829146605479472
mmfb_test_8998,5,1,0.9549766877156394,3.0545065230219
mmfb_test_8662,5,1,0.9999731653885089,10.525791195160423
mmfb_test_8775,5,1,0.9892029316742467,4.517624853363418
mmfb_test_3900,5,1,0.9999999625388197,17.099960596068662
mmfb_val_854,5,1,0.9892996495988691,4.526720779437231
mmfb_test_5988,5,1,0.9999860707223605,11.181503698598675
mmfb_test_3288,5,1,0.999995769421613,12.37316760912984
mmfb_test_3281,5,1,0.99997814790147,10.731191746132172
mmfb_test_3687,5,1,0.9999997933274586,15.392130015179122
mmfb_test_8682,5,1,0.9999946659009313,12.141385225207909
mmfb_val_874,5,1,0.9975571722222939,6.012153169073633
mmfb_test_3077,5,1,0.9999928427085174,11.847371775797601
mmfb_test_8803,5,1,0.9999306186098794,9.575822496495633
mmfb_test_3643,5,1,0.9999893458129286,11.449546936593991
mmfb_test_4780,5,1,0.9999999997236454,22.009336160686317
mmfb_test_8576,5,1,0.9999674601659567,10.333013015905665
mmfb_test_3302,5,1,0.9999999993230438,21.11341454714161
mmfb_test_3986,5,1,0.9999708933501785,10.44451478661757
mmfb_test_3240,5,1,0.999999810998586,15.481511151878335
mmfb_test_8542,5,1,0.9960214343136683,5.522847403723188
mmfb_test_3680,5,1,0.9985019835375121,6.50211426469172
mmfb_test_3506,5,1,0.9999848324781075,11.096338966112416
mmfb_test_4816,5,1,0.9999992116253873,14.053291674834671
mmfb_test_5926,5,1,0.9999997797190857,15.32836200172348
mmfb_test_3481,5,1,0.9242708259323904,2.5018416535653962
mmfb_test_5987,5,1,0.9999999569289897,16.960415638156366
mmfb_test_5818,5,1,0.9998797597616695,9.025898582930775
mmfb_test_3917,5,1,0.99999884363447,13.670227478921632
mmfb_val_882,5,1,0.9999995936570775,14.716067990863817
mmfb_test_8722,5,1,0.9999971512906906,12.768641691435052
mmfb_test_8712,5,1,0.9947785958033878,5.249753826715457
mmfb_test_8569,5,1,0.9357965061185177,2.679340413802968
mmfb_val_338,5,1,0.9999978837257744,13.065851339870004
mmfb_test_3810,5,1,0.9999913154974956,11.653961757537747
mmfb_test_3567,5,1,0.9969845377832086,5.800982136934401
mmfb_test_8643,5,1,0.9787537285839728,3.8300986396345436
mmfb_val_575,5,1,0.9999918029253722,11.711725022935845
mmfb_test_8693,5,1,0.9992641949820921,7.213809319798765
mmfb_test_3450,5,1,0.9999076071340549,9.28936839354968
mmfb_test_3145,5,1,0.9979072740211407,6.167192847966026
mmfb_test_8910,5,1,0.9999431862429968,9.775675245432685
mmfb_test_3003,5,1,0.9999999212788808,16.357354287844256
mmfb_test_5758,5,1,0.9999970352631578,12.728719319434664
mmfb_test_8954,5,1,0.019397024052543843,-3.923048009086556
mmfb_test_3711,5,1,0.9999740329428973,10.558655890427584
mmfb_test_5983,5,1,0.9999976727140201,12.970805457504103
mmfb_test_3377,5,1,0.9999959344642668,12.41296096641169
mmfb_test_3891,5,1,0.9999520506196926,9.945316729912872
mmfb_test_8723,5,1,0.9991856500898432,7.112305737596596
mmfb_test_3492,5,1,0.9998517442157442,8.816423237169367
mmfb_test_5967,5,1,0.9999341116854541,9.627483562696455
mmfb_test_8669,5,1,0.9999992605778287,14.117396066029098
mmfb_test_4984,5,1,0.9999320608158827,9.596829662683392
mmfb_test_4876,5,1,0.9999999689298327,17.287017697249702
mmfb_test_5798,5,1,0.9999994821893402,14.473655665287795
mmfb_test_5869,5,1,0.9999998709689594,15.863212707481468
mmfb_test_5625,5,1,0.999999993050081,18.784535831071185
mmfb_test_8888,5,1,0.9999884446764364,11.36835275719685
mmfb_test_4811,5,1,0.9995050546909571,7.6105682204466945
mmfb_test_3879,5,1,0.9999998514890339,15.722606887184844
mmfb_test_3056,5,1,0.9992998070339139,7.263454156856676
mmfb_test_8687,5,1,0.9965260386654732,5.658979731633117
mmfb_val_350,5,1,0.9999498086534804,9.899617733605979
mmfb_test_8801,5,1,0.9953608874660602,5.368582288661704
mmfb_test_5812,5,1,0.9998567057746442,8.850467217036089
mmfb_test_3199,5,1,0.9999961089653193,12.456831559913011
mmfb_test_3005,5,1,0.9994003979041742,7.41864451443978
mmfb_test_3323,5,1,0.9996072163425145,7.8418587267117115
mmfb_test_3946,5,1,0.9999736445585149,10.543809440534062
mmfb_test_4819,5,1,0.9561635819792759,3.0824640757005843
mmfb_test_8595,5,1,0.9999923312878545,11.77835419595429
mmfb_test_3689,5,1,0.9999992894535122,14.15723075134883
mmfb_test_5605,5,1,0.9999999992037499,20.951107809982368
mmfb_test_8764,5,1,0.9999999983931398,20.24898374103885
mmfb_test_3629,5,1,0.9999996599295679,14.894112747403668
mmfb_test_3545,5,1,0.9999904041124772,11.554166338381602
mmfb_test_3023,5,1,0.9999883224035648,11.357826708740847
mmfb_test_4989,5,1,0.9999992726274827,14.13382635977202
mmfb_test_5913,5,1,0.9999330500333378,9.61149803156917
mmfb_test_3198,5,1,0.999998319469042,13.2963990875797
mmfb_val_559,5,1,0.9994780433375705,7.557403902764606
mmfb_test_3007,5,1,0.9993680678866542,7.366096453312401
mmfb_test_3723,5,1,0.9928515415259492,4.933684412432602
mmfb_test_3776,5,1,0.9999989531737744,13.769746566690714
mmfb_test_3009,5,1,0.999998340451162,13.308963117326092
mmfb_test_5958,5,1,0.9999925041252984,11.80115023262702
mmfb_test_3722,5,1,0.9999410072623808,9.738037218356336
mmfb_test_3158,5,1,0.9999999987799237,20.52435247944019
mmfb_val_863,5,1,0.9986341432229208,6.594606581325467
mmfb_val_361,5,1,0.9997219680668542,8.1874965128481
mmfb_test_3535,5,1,0.9999849610418627,11.104851475557934
mmfb_test_3431,5,1,0.9999999993554625,21.162487994251943
mmfb_test_5805,5,1,0.9999647642184947,10.253413235227923
mmfb_test_8768,5,1,0.9999692338153024,10.389063603889543
mmfb_test_3123,5,1,0.9085538818704996,2.2961042687595885
mmfb_test_8509,5,1,0.9909029331059939,4.69066453887608
mmfb_val_348,5,1,0.9158472087392058,2.387215457924944
mmfb_val_320,5,1,0.9999987636003763,13.603305694654477
mmfb_test_3257,5,1,0.9999979055975395,13.076240172609555
mmfb_val_570,5,1,0.9999947924942196,12.165404346283369
mmfb_test_3207,5,1,0.9999860414862466,11.179406972344319
mmfb_test_8697,5,1,0.9997534309409072,8.307621845664839
mmfb_val_568,5,1,0.9998583983528919,8.86235113297949
mmfb_test_3788,5,1,0.9999339933789652,9.625689493460634
mmfb_test_3769,5,1,0.9976436333303678,6.048275245759979
mmfb_test_5911,5,1,0.9999821983697906,10.936202718272254
mmfb_test_8609,5,1,0.9999787573842805,10.759479975699385
mmfb_val_867,5,1,0.9962687971386139,5.58728643320505
mmfb_test_3294,5,1,0.9999998165363603,15.51124915410096
mmfb_test_3234,5,1,0.999997131656188,12.761772895381323
mmfb_val_550,5,1,0.9999971247911715,12.759382375137985
mmfb_test_8554,5,1,0.9999537954723617,9.982386558256076
mmfb_val_327,5,1,0.9998773073932399,9.005705762532589
mmfb_test_8582,5,1,0.9993868726270888,7.396324542048172
mmfb_test_3339,5,1,0.9999873726506767,11.279632887669447
mmfb_test_3907,5,1,0.9999135990753415,9.356425775488582
mmfb_test_3809,5,1,0.9999999248267911,16.403470858825408
mmfb_test_8627,5,1,0.9967232968161392,5.717635405604858
mmfb_test_3973,5,1,0.9999777933415449,10.7150961767419
mmfb_test_4957,5,1,0.9998813890107354,9.03954279945157
mmfb_test_3291,5,1,0.9999996572278484,14.886199548816482
mmfb_test_3602,5,1,0.9999999699137998,17.319199205418304
mmfb_test_5881,5,1,0.9995202809454427,7.641830094268039
mmfb_test_5815,5,1,0.9980148718060857,6.220084684438829
mmfb_test_8665,5,1,0.9999998194946768,15.527505387446986
mmfb_test_3992,5,1,0.9922948700264741,4.858133973771218
mmfb_test_8707,5,1,0.9999998816017287,15.949211596913823
mmfb_test_4894,5,1,0.9999998760942717,15.90374469219821
mmfb_test_3159,5,1,0.9999984153369449,13.35513717207736
mmfb_test_3439,5,1,0.9999995147052412,14.538508895169205
mmfb_test_5916,5,1,0.9983855847289288,6.4271667292800965
mmfb_test_3671,5,1,0.9999996775149532,14.947208745899076
mmfb_test_3478,5,1,0.968284118572166,3.4187080082890753
mmfb_test_8824,5,1,0.9999481782245265,9.86764829797837
mmfb_test_5534,5,1,0.9999998926314925,16.046998816041306
mmfb_test_4963,5,1,0.9996103235828276,7.8498041104289324
mmfb_test_3047,5,1,0.9997781840034446,8.413440523517412
mmfb_test_5551,5,1,0.9999858145318943,11.16327830463013
mmfb_test_3404,5,1,0.9998106347726472,8.571643604610928
mmfb_test_3828,5,1,0.9999990572734,13.87448857941833
mmfb_test_5543,5,1,0.99995088581301,9.921313508771771
mmfb_test_4809,5,1,0.9998765018300303,8.999160714268992
mmfb_test_3020,5,1,0.9051192457502328,2.255445813549295
mmfb_test_3298,5,1,0.999997885504888,13.066692377175482
mmfb_val_481,5,1,0.9999998529457678,15.732464244338525
mmfb_test_3838,5,1,0.9877274246814197,4.388039649619967
mmfb_val_892,5,1,0.007068190307640054,-4.945057511341367
mmfb_test_3899,5,1,0.6858096464225301,0.7806010820566982
mmfb_test_3282,5,1,0.9999723653159358,10.496411270129569
mmfb_test_8504,5,1,0.9887367787949052,4.474885490503754
mmfb_test_8916,5,1,0.9999822155973379,10.93717095517729
mmfb_test_3598,5,1,0.9999969515256731,12.700866264714133
mmfb_val_391,5,1,0.9998439416470372,8.765124492671157
mmfb_val_853,5,1,0.990417184692929,4.638154830844982
mmfb_test_4805,5,1,0.9999997366775167,15.149886120359056
mmfb_test_3095,5,1,0.9999988686245198,13.692075294983962
mmfb_test_4900,5,1,0.8251854302063757,1.5518823139955573
mmfb_test_5514,5,1,0.9999997882864007,15.368031210620565
mmfb_test_5961,5,1,0.9999996079344626,14.751836431793972
mmfb_test_3534,5,1,0.9997206349214066,8.182711701983463
mmfb_test_8779,5,1,0.9999743053941225,10.569203781190327
mmfb_test_3621,5,1,0.9997419543436605,8.26211594718691
mmfb_val_880,5,1,0.5844811350078618,0.34119648858095664
mmfb_test_3578,5,1,0.9997853787012175,8.446420839605981
mmfb_test_3331,5,1,0.9999764202007443,10.655096596142458
mmfb_test_3737,5,1,0.9999998541175892,15.740464799256477
mmfb_test_5586,5,1,0.9999997521421488,15.210410187629257
mmfb_test_8748,5,1,0.9997735397183808,8.392714499580133
mmfb_test_8984,5,1,0.6081888666844165,0.43970554880305546
mmfb_test_4953,5,1,0.9999694651973381,10.396612918726134
mmfb_test_3449,5,1,0.9999925311955665,11.804768151865698
mmfb_test_4789,5,1,0.9999999998225898,22.452556786258832
mmfb_test_5573,5,1,0.9999982468535348,13.25409665118734
mmfb_test_3854,5,1,0.9999994903834702,14.489606786949516
mmfb_test_3548,5,1,0.9999998311684327,15.594364093677711
mmfb_test_5712,5,1,0.9999999918210334,18.621700020249122
mmfb_test_5734,5,1,0.99997498644948,10.596067845272447
mmfb_test_4885,5,1,0.999993604699235,11.959940697453007
mmfb_test_5747,5,1,0.9999394283457628,9.711622952691355
mmfb_test_4935,5,1,0.9999983539178531,13.31711090389338
mmfb_test_3851,5,1,0.9999996614611744,14.898626713414949
mmfb_test_3412,5,1,0.6073355738440747,0.4361261085982082
mmfb_test_4948,5,1,0.9999945037866476,12.111445687991669
mmfb_test_3312,5,1,0.999999974985808,17.503822465556215
mmfb_test_8908,5,1,0.9998576435587508,8.857034129309397
